timestamp,rtt_ms,rttvar_ms,cwnd,retrans,lost,total_retrans
2026-09-24T15:30:53.858574+00:00,,,,,,
2026-09-24T15:30:54.400401+00:00,,,,,,
2026-09-24T15:30:54.924163+00:00,,,,,,
2026-09-24T15:30:55.446703+00:00,,,,,,
2026-09-24T15:30:55.973130+00:00,13.951,2.749,108,,,
2026-09-24T15:30:56.491258+00:00,27.021,6.421,396,,,
2026-09-24T15:30:57.014543+00:00,32.022,2.048,550,,,
2026-09-24T15:30:57.529367+00:00,34.596,8.826,526,,,
2026-09-24T15:30:58.052765+00:00,43.898,5.042,564,,,
2026-09-24T15:30:58.588848+00:00,21.804,5.192,518,,,
2026-09-24T15:30:59.120406+00:00,12.425,4.542,474,,,
2026-09-24T15:30:59.637392+00:00,19.869,4.669,372,,,
2026-09-24T15:31:00.179977+00:00,20.508,4.29,332,,,
2026-09-24T15:31:00.711301+00:00,12.164,2.655,296,,,
2026-09-24T15:31:01.242878+00:00,29.571,7.576,448,,,
2026-09-24T15:31:01.776252+00:00,29.803,3.558,318,,,
2026-09-24T15:31:02.312723+00:00,24.325,6.225,330,,,
2026-09-24T15:31:02.835606+00:00,19.966,7.114,360,,,
2026-09-24T15:31:03.368192+00:00,30.922,7.398,328,,,
2026-09-24T15:31:03.893800+00:00,29.692,5.052,434,,,
2026-09-24T15:31:04.417209+00:00,9.415,2.81,390,,,
2026-09-24T15:31:04.955256+00:00,17.075,4.991,448,,,
2026-09-24T15:31:05.481173+00:00,17.483,1.836,306,,,
2026-09-24T15:31:06.006095+00:00,11.489,3.326,388,,,
2026-09-24T15:31:06.524465+00:00,15.259,3.122,400,,,
2026-09-24T15:31:07.042023+00:00,24.929,3.251,330,,,
2026-09-24T15:31:07.563504+00:00,19.947,3.99,150,,,
2026-09-24T15:31:08.093519+00:00,22.69,4.75,288,,,
2026-09-24T15:31:08.612669+00:00,20.755,1.577,178,,,
2026-09-24T15:31:09.132788+00:00,9.048,2.297,4,,,
2026-09-24T15:31:09.657368+00:00,18.687,2.873,308,,,
2026-09-24T15:31:10.180259+00:00,25.576,4.885,292,,,
2026-09-24T15:31:10.714585+00:00,29.914,7.229,360,,,
2026-09-24T15:31:11.276187+00:00,16.369,1.888,350,,,
2026-09-24T15:31:11.800058+00:00,19.285,3.195,368,,,
2026-09-24T15:31:12.315698+00:00,25.789,5.144,266,,,
2026-09-24T15:31:12.849599+00:00,20.743,5.338,436,,,
2026-09-24T15:31:13.377622+00:00,22.152,1.738,266,,,
2026-09-24T15:31:13.898920+00:00,15.268,3.085,382,,,
2026-09-24T15:31:14.443200+00:00,19.002,5.732,316,,,
2026-09-24T15:31:14.961971+00:00,20.029,2.152,472,,,
2026-09-24T15:31:15.496999+00:00,24.615,4.701,278,,,
2026-09-24T15:31:16.034630+00:00,17.194,3.146,300,,,
2026-09-24T15:31:16.563011+00:00,18.832,2.935,294,,,
2026-09-24T15:31:17.108503+00:00,12.783,0.811,358,,,
2026-09-24T15:31:17.634295+00:00,9.449,3.33,480,,,
2026-09-24T15:31:18.154599+00:00,24.965,1.603,246,,,
2026-09-24T15:31:18.682976+00:00,20.482,3.75,266,,,
2026-09-24T15:31:19.201673+00:00,19.328,1.483,304,,,
2026-09-24T15:31:19.743487+00:00,14.49,4.72,340,,,
2026-09-24T15:31:20.273011+00:00,24.858,4.19,336,,,
2026-09-24T15:31:20.804972+00:00,17.399,2.998,384,,,
2026-09-24T15:31:21.326509+00:00,25.887,6.46,470,,,
2026-09-24T15:31:21.868017+00:00,10.581,3.204,560,,,
2026-09-24T15:31:22.387175+00:00,15.216,2.414,290,,,
2026-09-24T15:31:22.915780+00:00,16.092,2.726,334,,,
2026-09-24T15:31:23.430372+00:00,11.577,1.47,414,,,
2026-09-24T15:31:23.952960+00:00,21.575,7.753,273,,,
2026-09-24T15:31:24.806859+00:00,14.022,1.536,492,,,
2026-09-24T15:31:25.325027+00:00,17.587,3.933,348,,,
2026-09-24T15:31:25.844138+00:00,14.135,4.208,292,,,
2026-09-24T15:31:26.371046+00:00,16.221,6.171,366,,,
2026-09-24T15:31:26.885550+00:00,13.187,2.174,396,,,
2026-09-24T15:31:27.402090+00:00,19.399,3.995,400,,,
2026-09-24T15:31:27.927412+00:00,17.139,3.793,322,,,
2026-09-24T15:31:28.443500+00:00,12.897,2.205,278,,,
2026-09-24T15:31:28.976198+00:00,17.875,3.11,368,,,
2026-09-24T15:31:29.490532+00:00,10.14,3.756,4,,,
2026-09-24T15:31:30.007049+00:00,10.053,1.192,376,,,
2026-09-24T15:31:30.522035+00:00,25.548,2.13,290,0,,1
2026-09-24T15:31:31.052248+00:00,25.89,5.325,496,0,,1
2026-09-24T15:31:31.603112+00:00,26.136,7.239,274,0,,1
2026-09-24T15:31:32.142072+00:00,22.682,4.348,306,0,,1
2026-09-24T15:31:32.669860+00:00,18.939,1.723,170,0,,1
2026-09-24T15:31:33.191469+00:00,21.1,2.293,204,0,,1
2026-09-24T15:31:33.711035+00:00,20.245,2.245,152,0,,1
2026-09-24T15:31:34.230526+00:00,16.74,1.825,158,0,,1
2026-09-24T15:31:34.752034+00:00,18.086,2.047,186,0,,1
2026-09-24T15:31:35.276043+00:00,18.838,2.262,168,0,,1
2026-09-24T15:31:35.794227+00:00,22.386,2.322,278,0,,1
2026-09-24T15:31:36.319141+00:00,18.893,2.251,168,0,,1
2026-09-24T15:31:36.840255+00:00,20.797,6.389,236,0,,1
2026-09-24T15:31:37.361019+00:00,22.83,4.639,188,0,,1
2026-09-24T15:31:37.883317+00:00,21.366,2.673,142,0,,1
2026-09-24T15:31:38.403574+00:00,23.665,2.615,240,0,,1
2026-09-24T15:31:38.927012+00:00,22.965,2.562,224,0,,1
2026-09-24T15:31:39.448745+00:00,19.878,1.491,154,0,,1
2026-09-24T15:31:39.974076+00:00,12.262,3.148,214,0,,1
2026-09-24T15:31:40.513083+00:00,19.056,6.944,258,0,,1
2026-09-24T15:31:41.043385+00:00,20.998,3.264,300,0,,1
2026-09-24T15:31:41.572475+00:00,20.024,6.247,370,0,,1
2026-09-24T15:31:42.092514+00:00,27.81,1.536,294,0,,1
2026-09-24T15:31:42.616098+00:00,18.374,4.667,258,0,,1
2026-09-24T15:31:43.147730+00:00,24.697,7.238,419,0,,1
2026-09-24T15:31:43.671530+00:00,18.604,3.184,332,0,,1
2026-09-24T15:31:44.188830+00:00,19.012,4.649,362,0,,1
2026-09-24T15:31:44.753131+00:00,9.216,2.69,392,0,,1
2026-09-24T15:31:45.270014+00:00,22.655,4.622,536,0,,1
2026-09-24T15:31:45.798445+00:00,16.746,3.787,584,0,,1
2026-09-24T15:31:46.335947+00:00,10.529,2.223,544,0,,1
2026-09-24T15:31:46.912238+00:00,15.03,2.922,384,0,,1
2026-09-24T15:31:47.427204+00:00,15.097,6.989,576,0,,1
2026-09-24T15:31:47.948792+00:00,16.4,2.504,452,0,,1
2026-09-24T15:31:48.467315+00:00,21.623,4.267,516,0,,1
2026-09-24T15:31:48.994200+00:00,22.477,2.359,410,0,,1
2026-09-24T15:31:49.526731+00:00,26.803,3.52,380,0,,1
2026-09-24T15:31:50.042909+00:00,5.377,1.011,4,0,,1
2026-09-24T15:31:50.576588+00:00,34.523,6.783,338,0,,1
2026-09-24T15:31:51.166286+00:00,13.122,2.178,526,0,,1
2026-09-24T15:31:51.707566+00:00,18.092,3.763,440,0,,1
2026-09-24T15:31:52.234226+00:00,18.033,5.271,386,0,,1
2026-09-24T15:31:52.753029+00:00,15.747,1.883,324,0,,1
2026-09-24T15:31:53.270235+00:00,17.646,1.489,362,0,,1
2026-09-24T15:31:53.786649+00:00,15.944,1.563,342,0,,1
2026-09-24T15:31:54.308586+00:00,17.496,2.117,386,0,,1
2026-09-24T15:31:54.827290+00:00,16.895,2.139,490,0,,1
2026-09-24T15:31:55.350078+00:00,21.881,2.847,382,0,,1
2026-09-24T15:31:55.880115+00:00,28.61,5.296,480,0,,1
2026-09-24T15:31:56.400194+00:00,26.892,7.205,580,0,,283
2026-09-24T15:31:56.928190+00:00,23.083,3.214,450,0,,283
2026-09-24T15:31:58.089629+00:00,14.487,2.037,392,0,,283
2026-09-24T15:31:58.649343+00:00,23.104,8.413,340,0,,283
2026-09-24T15:31:59.182061+00:00,26.486,6.121,370,0,,283
2026-09-24T15:31:59.702677+00:00,25.419,4.234,256,0,,283
2026-09-24T15:32:00.221079+00:00,13.563,13.193,4,0,,283
2026-09-24T15:32:00.743654+00:00,18.252,5.7,394,0,,283
2026-09-24T15:32:01.268273+00:00,16.801,3.857,558,0,,283
2026-09-24T15:32:01.784258+00:00,23.112,3.483,326,0,,283
2026-09-24T15:32:02.320714+00:00,13.238,1.914,340,0,,283
2026-09-24T15:32:02.855838+00:00,11.573,1.694,352,0,,283
2026-09-24T15:32:03.373595+00:00,14.932,4.853,536,0,,283
2026-09-24T15:32:03.941567+00:00,20.557,5.977,360,0,,283
2026-09-24T15:32:04.458086+00:00,13.613,1.28,416,0,,283
2026-09-24T15:32:04.974487+00:00,17.697,2.516,416,0,,283
2026-09-24T15:32:05.492011+00:00,19.378,4.38,368,0,,283
2026-09-24T15:32:06.047057+00:00,16.861,1.501,482,0,,283
2026-09-24T15:32:07.092668+00:00,13.708,1.469,330,0,,283
2026-09-24T15:32:07.619757+00:00,12.27,3.39,342,0,,283
2026-09-24T15:32:08.137548+00:00,22.176,3.767,398,0,,283
2026-09-24T15:32:08.667095+00:00,18.478,2.567,346,0,,283
2026-09-24T15:32:09.183627+00:00,20.971,2.97,328,0,,283
2026-09-24T15:32:09.701184+00:00,25.043,2.189,546,0,,283
2026-09-24T15:32:10.221028+00:00,31.725,2.328,414,0,,283
2026-09-24T15:32:10.736903+00:00,20.515,2.664,288,0,,283
2026-09-24T15:32:11.255597+00:00,31.959,3.051,262,0,,283
2026-09-24T15:32:11.772865+00:00,32.666,4.667,380,0,,283
2026-09-24T15:32:12.289570+00:00,17.704,2.771,276,0,,283
2026-09-24T15:32:12.821097+00:00,66.308,8.183,533,0,,283
2026-09-24T15:32:13.343246+00:00,17.069,3.741,360,0,,283
2026-09-24T15:32:13.897858+00:00,10.081,3.363,362,0,,283
2026-09-24T15:32:14.417521+00:00,25.611,3.933,254,0,,283
2026-09-24T15:32:14.937901+00:00,22.911,3.08,372,0,,283
2026-09-24T15:32:15.457055+00:00,22.781,5.014,380,0,,283
2026-09-24T15:32:15.994445+00:00,99.393,16.098,356,0,,283
2026-09-24T15:32:16.525036+00:00,26.259,3.333,324,0,,440
2026-09-24T15:32:17.045007+00:00,34.588,3.856,478,0,,440
2026-09-24T15:32:17.560051+00:00,27.917,4.69,374,0,,440
2026-09-24T15:32:18.082060+00:00,12.459,2.929,410,0,,440
2026-09-24T15:32:18.613208+00:00,9.153,4.571,4,0,,440
2026-09-24T15:32:19.142584+00:00,41.646,4.882,368,0,,440
2026-09-24T15:32:19.662785+00:00,22.283,1.48,384,0,,440
2026-09-24T15:32:20.182130+00:00,28.595,5.936,474,0,,440
2026-09-24T15:32:20.721707+00:00,22.573,6.245,384,0,,440
2026-09-24T15:32:21.243073+00:00,20.832,4.842,396,0,,440
2026-09-24T15:32:21.757057+00:00,30.803,4.825,486,0,,440
2026-09-24T15:32:22.343528+00:00,12.188,1.979,320,0,,440
2026-09-24T15:32:22.904155+00:00,18.56,2.781,478,0,,440
2026-09-24T15:32:24.503497+00:00,15.209,2.19,536,0,,440
2026-09-24T15:32:25.031533+00:00,34.619,9.229,440,0,,440
2026-09-24T15:32:25.548505+00:00,16.527,3.531,464,0,,440
2026-09-24T15:32:26.108412+00:00,17.887,8.152,300,0,,440
2026-09-24T15:32:26.628277+00:00,18.62,5.966,502,0,,440
2026-09-24T15:32:27.143489+00:00,33.644,2.719,336,0,,440
2026-09-24T15:32:27.671929+00:00,19.638,3.715,314,0,,440
2026-09-24T15:32:28.187076+00:00,27.971,5.825,364,0,,440
2026-09-24T15:32:28.727617+00:00,4.279,1.418,4,0,,440
2026-09-24T15:32:29.254561+00:00,35.313,2.159,316,0,,440
2026-09-24T15:32:29.772963+00:00,16.872,2.212,330,0,,440
2026-09-24T15:32:30.296026+00:00,18.329,2.263,270,0,,440
2026-09-24T15:32:30.815340+00:00,16.74,1.072,250,0,,440
2026-09-24T15:32:31.333635+00:00,16.356,1.925,284,0,,440
2026-09-24T15:32:31.851391+00:00,19.429,2.5,306,0,,440
2026-09-24T15:32:32.367587+00:00,16.269,2.115,234,0,,440
2026-09-24T15:32:32.886095+00:00,19.371,3.028,388,0,,440
2026-09-24T15:32:33.409293+00:00,18.358,3.009,512,0,,440
2026-09-24T15:32:33.926137+00:00,25.156,4.786,410,0,,440
2026-09-24T15:32:34.448685+00:00,27.278,6.172,374,0,,440
2026-09-24T15:32:34.973131+00:00,15.797,1.788,428,0,,440
2026-09-24T15:32:35.517378+00:00,23.453,9.281,418,0,,440
2026-09-24T15:32:36.066357+00:00,15.196,4.293,330,0,,440
2026-09-24T15:32:36.595721+00:00,17.242,2.966,336,0,,440
2026-09-24T15:32:37.127322+00:00,19.413,5.038,272,0,,440
2026-09-24T15:32:37.680444+00:00,17.515,4.558,496,0,,440
2026-09-24T15:32:38.243304+00:00,22.606,4.126,312,0,,440
2026-09-24T15:32:38.767909+00:00,15.143,2.074,298,0,,440
2026-09-24T15:32:39.285743+00:00,27.659,4.504,332,0,,440
2026-09-24T15:32:40.071247+00:00,21.109,8.008,584,0,,440
2026-09-24T15:32:40.618469+00:00,15.208,3.489,370,0,,440
2026-09-24T15:32:41.280390+00:00,18.937,2.537,434,0,,440
2026-09-24T15:32:41.796371+00:00,22.229,5.221,344,0,,440
2026-09-24T15:32:42.312751+00:00,19.96,3.841,350,0,,440
2026-09-24T15:32:42.910575+00:00,25.03,6.097,326,0,,440
2026-09-24T15:32:43.429007+00:00,25.415,5.932,526,0,,440
2026-09-24T15:32:43.949124+00:00,25.491,3.734,372,0,,440
2026-09-24T15:32:44.469436+00:00,16.201,1.491,478,0,,440
2026-09-24T15:32:44.990037+00:00,21.055,5.092,572,0,,440
2026-09-24T15:32:45.522848+00:00,17.179,3.782,428,0,,440
2026-09-24T15:32:46.065404+00:00,12.618,3.454,330,0,,440
2026-09-24T15:32:46.579076+00:00,22.341,2.37,358,0,,440
2026-09-24T15:32:47.110064+00:00,18.572,5.841,392,0,,440
2026-09-24T15:32:47.630012+00:00,26.974,6.901,374,0,,440
2026-09-24T15:32:48.182682+00:00,19.391,2.002,490,0,,440
2026-09-24T15:32:48.725316+00:00,14.377,2.755,446,0,,440
2026-09-24T15:32:49.270201+00:00,10.197,1.528,370,0,,440
2026-09-24T15:32:49.788868+00:00,15.149,2.969,332,0,,440
2026-09-24T15:32:50.324765+00:00,14.255,2.53,314,0,,440
2026-09-24T15:32:50.849312+00:00,21.369,4.05,192,0,,440
2026-09-24T15:32:51.376122+00:00,21.514,3.835,472,0,,440
2026-09-24T15:32:51.889252+00:00,18.167,2.334,324,0,,440
2026-09-24T15:32:52.404736+00:00,16.915,1.689,370,0,,440
2026-09-24T15:32:52.920892+00:00,17.059,3.146,320,0,,440
2026-09-24T15:32:53.445081+00:00,48.675,10.032,584,0,,440
2026-09-24T15:32:53.985039+00:00,17.714,1.912,706,0,,440
2026-09-24T15:32:54.510870+00:00,14.678,3.935,316,0,,440
2026-09-24T15:32:55.027571+00:00,26.061,4.703,400,0,,440
2026-09-24T15:32:55.542559+00:00,26.622,2.639,444,0,,440
