timestamp,rssi_dbm,snr_db,tx_bitrate_mbps,rx_bitrate_mbps,tx_retries,tx_failed,signal_avg,expected_throughput,frequency_mhz,channel,mcs
2026-09-11T00:46:48.788412+00:00,-38.0,,351.0,526.6,0,0,-37.0,,5220,44,4
2026-09-11T00:46:49.807562+00:00,-39.0,,175.5,526.6,0,0,-39.0,,5220,44,4
2026-09-11T00:46:50.885125+00:00,-44.0,,234.0,526.6,0,0,-40.0,,5220,44,3
2026-09-11T00:46:51.921902+00:00,-42.0,,175.5,526.6,0,0,-40.0,,5220,44,4
2026-09-11T00:46:52.950579+00:00,-40.0,,175.5,13.0,0,0,-40.0,,5220,44,4
2026-09-11T00:46:54.001174+00:00,-42.0,,175.5,526.6,0,0,-41.0,,5220,44,4
2026-09-11T00:46:55.029594+00:00,-45.0,,175.5,526.6,0,0,-42.0,,5220,44,4
2026-09-11T00:46:56.050775+00:00,-44.0,,175.5,526.6,0,0,-44.0,,5220,44,4
2026-09-11T00:46:57.096842+00:00,-44.0,,175.5,526.6,0,0,-41.0,,5220,44,4
2026-09-11T00:46:58.142774+00:00,-44.0,,175.5,526.6,0,0,-40.0,,5220,44,4
2026-09-11T00:46:59.192803+00:00,-44.0,,175.5,585.0,0,0,-40.0,,5220,44,4
2026-09-11T00:47:00.318957+00:00,-44.0,,175.5,78.0,0,0,-41.0,,5220,44,4
2026-09-11T00:47:01.354238+00:00,-42.0,,175.5,104.0,0,0,-42.0,,5220,44,4
2026-09-11T00:47:02.421865+00:00,-44.0,,234.0,468.0,0,0,-41.0,,5220,44,3
2026-09-11T00:47:04.043970+00:00,-44.0,,234.0,526.6,0,0,-42.0,,5220,44,3
2026-09-11T00:47:05.060943+00:00,-44.0,,234.0,526.6,0,0,-41.0,,5220,44,3
2026-09-11T00:47:06.098922+00:00,-42.0,,234.0,104.0,0,0,-42.0,,5220,44,3
2026-09-11T00:47:07.154746+00:00,-43.0,,234.0,130.0,0,0,-39.0,,5220,44,3
2026-09-11T00:47:08.196274+00:00,-40.0,,234.0,585.0,0,0,-39.0,,5220,44,3
2026-09-11T00:47:09.289845+00:00,-40.0,,234.0,585.0,0,0,-39.0,,5220,44,3
2026-09-11T00:47:10.339726+00:00,-44.0,,234.0,585.0,0,0,-39.0,,5220,44,3
2026-09-11T00:47:11.364359+00:00,-45.0,,234.0,585.0,0,0,-41.0,,5220,44,3
2026-09-11T00:47:12.422348+00:00,-43.0,,234.0,585.0,0,0,-39.0,,5220,44,3
2026-09-11T00:47:13.447752+00:00,-42.0,,351.0,585.0,0,0,-39.0,,5220,44,4
2026-09-11T00:47:14.481571+00:00,-44.0,,234.0,585.0,0,0,-40.0,,5220,44,5
2026-09-11T00:47:15.506619+00:00,-43.0,,175.5,585.0,0,0,-42.0,,5220,44,4
2026-09-11T00:47:16.529509+00:00,-45.0,,175.5,526.6,0,0,-42.0,,5220,44,4
2026-09-11T00:47:17.546806+00:00,-45.0,,175.5,585.0,0,0,-41.0,,5220,44,4
2026-09-11T00:47:18.574194+00:00,-46.0,,175.5,585.0,0,0,-41.0,,5220,44,4
2026-09-11T00:47:19.602334+00:00,-45.0,,175.5,585.0,0,0,-40.0,,5220,44,4
2026-09-11T00:47:20.637198+00:00,-44.0,,175.5,585.0,0,0,-40.0,,5220,44,4
2026-09-11T00:47:21.675784+00:00,-44.0,,175.5,585.0,0,0,-40.0,,5220,44,4
2026-09-11T00:47:22.693023+00:00,-40.0,,175.5,104.0,0,0,-40.0,,5220,44,4
2026-09-11T00:47:23.711405+00:00,-42.0,,175.5,104.0,0,0,-40.0,,5220,44,4
2026-09-11T00:47:24.732996+00:00,-42.0,,234.0,351.0,0,0,-40.0,,5220,44,3
2026-09-11T00:47:25.758434+00:00,-43.0,,234.0,526.6,0,0,-40.0,,5220,44,3
2026-09-11T00:47:26.782941+00:00,-41.0,,234.0,468.0,0,0,-40.0,,5220,44,3
2026-09-11T00:47:27.806505+00:00,-43.0,,234.0,526.6,0,0,-40.0,,5220,44,3
2026-09-11T00:47:28.857810+00:00,-44.0,,234.0,526.6,0,0,-40.0,,5220,44,3
2026-09-11T00:47:29.874219+00:00,-40.0,,234.0,468.0,0,0,-40.0,,5220,44,3
2026-09-11T00:47:30.892363+00:00,-44.0,,234.0,585.0,0,0,-40.0,,5220,44,3
2026-09-11T00:47:31.918833+00:00,-44.0,,234.0,526.6,0,0,-40.0,,5220,44,3
2026-09-11T00:47:32.945602+00:00,-44.0,,234.0,117.0,0,0,-40.0,,5220,44,3
2026-09-11T00:47:33.961710+00:00,-44.0,,234.0,585.0,0,0,-39.0,,5220,44,3
2026-09-11T00:47:34.978516+00:00,-44.0,,351.0,130.0,0,0,-39.0,,5220,44,4
2026-09-11T00:47:35.998792+00:00,-43.0,,351.0,104.0,0,0,-39.0,,5220,44,4
2026-09-11T00:47:37.015119+00:00,-43.0,,351.0,130.0,0,0,-39.0,,5220,44,4
2026-09-11T00:47:38.036327+00:00,-43.0,,351.0,585.0,0,0,-39.0,,5220,44,4
2026-09-11T00:47:39.063884+00:00,-44.0,,351.0,585.0,0,0,-39.0,,5220,44,4
2026-09-11T00:47:40.092893+00:00,-44.0,,351.0,585.0,0,0,-39.0,,5220,44,4
2026-09-11T00:47:41.132801+00:00,-44.0,,351.0,130.0,0,0,-39.0,,5220,44,4
2026-09-11T00:47:42.167993+00:00,-44.0,,351.0,585.0,0,0,-39.0,,5220,44,4
2026-09-11T00:47:43.186832+00:00,-44.0,,351.0,585.0,0,0,-39.0,,5220,44,4
2026-09-11T00:47:44.210269+00:00,-44.0,,351.0,585.0,0,0,-39.0,,5220,44,4
2026-09-11T00:47:45.228939+00:00,-44.0,,351.0,585.0,0,0,-39.0,,5220,44,4
2026-09-11T00:47:46.269334+00:00,-43.0,,351.0,351.0,0,0,-39.0,,5220,44,4
2026-09-11T00:47:47.320309+00:00,-40.0,,351.0,585.0,0,0,-39.0,,5220,44,4
2026-09-11T00:47:48.346358+00:00,-40.0,,351.0,585.0,0,0,-39.0,,5220,44,4
2026-09-11T00:47:49.430399+00:00,-43.0,,351.0,468.0,0,0,-39.0,,5220,44,4
2026-09-11T00:47:50.535873+00:00,-40.0,,351.0,130.0,0,0,-39.0,,5220,44,4
2026-09-11T00:47:51.558247+00:00,-44.0,,351.0,585.0,0,0,-39.0,,5220,44,4
2026-09-11T00:47:52.647431+00:00,-39.0,,351.0,130.0,0,0,-39.0,,5220,44,4
2026-09-11T00:47:53.774620+00:00,-43.0,,263.3,585.0,0,0,-40.0,,5220,44,6
2026-09-11T00:47:54.796737+00:00,-43.0,,351.0,585.0,0,0,-40.0,,5220,44,4
2026-09-11T00:47:55.826489+00:00,-43.0,,351.0,585.0,0,0,-40.0,,5220,44,4
2026-09-11T00:47:56.886871+00:00,-44.0,,351.0,585.0,0,0,-40.0,,5220,44,4
2026-09-11T00:47:57.911005+00:00,-44.0,,351.0,585.0,0,0,-40.0,,5220,44,4
2026-09-11T00:47:58.931083+00:00,-44.0,,351.0,585.0,0,0,-40.0,,5220,44,4
2026-09-11T00:47:59.971362+00:00,-44.0,,351.0,585.0,0,0,-40.0,,5220,44,4
2026-09-11T00:48:00.993698+00:00,-42.0,,351.0,585.0,0,0,-40.0,,5220,44,4
2026-09-11T00:48:02.044729+00:00,-39.0,,351.0,130.0,0,0,-39.0,,5220,44,4
2026-09-11T00:48:03.061350+00:00,-41.0,,351.0,468.0,0,0,-39.0,,5220,44,4
2026-09-11T00:48:04.077637+00:00,-40.0,,351.0,585.0,0,0,-40.0,,5220,44,4
2026-09-11T00:48:05.103247+00:00,-43.0,,351.0,585.0,0,0,-40.0,,5220,44,4
2026-09-11T00:48:06.124824+00:00,-44.0,,175.5,130.0,0,0,-41.0,,5220,44,4
2026-09-11T00:48:07.146049+00:00,-44.0,,234.0,585.0,0,0,-42.0,,5220,44,3
2026-09-11T00:48:08.177482+00:00,-41.0,,234.0,585.0,0,0,-41.0,,5220,44,3
2026-09-11T00:48:09.194143+00:00,-43.0,,234.0,585.0,0,0,-40.0,,5220,44,3
2026-09-11T00:48:10.222104+00:00,-43.0,,234.0,130.0,0,0,-39.0,,5220,44,3
2026-09-11T00:48:11.253116+00:00,-44.0,,175.5,585.0,0,0,-41.0,,5220,44,4
2026-09-11T00:48:12.337403+00:00,-42.0,,175.5,585.0,0,0,-40.0,,5220,44,4
2026-09-11T00:48:13.378509+00:00,-41.0,,234.0,585.0,0,0,-40.0,,5220,44,3
2026-09-11T00:48:14.413835+00:00,-41.0,,351.0,585.0,0,0,-37.0,,5220,44,4
2026-09-11T00:48:15.491056+00:00,-40.0,,263.3,130.0,0,0,-38.0,,5220,44,6
2026-09-11T00:48:16.535882+00:00,-38.0,,351.0,702.0,0,0,-38.0,,5220,44,4
2026-09-11T00:48:17.580731+00:00,-40.0,,351.0,585.0,0,0,-38.0,,5220,44,4
2026-09-11T00:48:18.596313+00:00,-44.0,,292.5,585.0,0,0,-39.0,,5220,44,7
2026-09-11T00:48:19.615348+00:00,-43.0,,175.5,104.0,0,0,-40.0,,5220,44,4
2026-09-11T00:48:20.693563+00:00,-41.0,,175.5,585.0,0,0,-41.0,,5220,44,4
2026-09-11T00:48:21.731703+00:00,-42.0,,175.5,585.0,0,0,-41.0,,5220,44,4
2026-09-11T00:48:22.746511+00:00,-43.0,,175.5,585.0,0,0,-41.0,,5220,44,4
2026-09-11T00:48:23.763046+00:00,-44.0,,175.5,585.0,0,0,-41.0,,5220,44,4
2026-09-11T00:48:24.818855+00:00,-44.0,,175.5,585.0,0,0,-41.0,,5220,44,4
2026-09-11T00:48:25.838145+00:00,-44.0,,175.5,702.0,0,0,-41.0,,5220,44,4
2026-09-11T00:48:26.859876+00:00,-44.0,,175.5,702.0,0,0,-41.0,,5220,44,4
2026-09-11T00:48:27.879761+00:00,-42.0,,175.5,702.0,0,0,-42.0,,5220,44,4
2026-09-11T00:48:28.910811+00:00,-41.0,,175.5,234.0,0,0,-41.0,,5220,44,4
2026-09-11T00:48:29.938586+00:00,-40.0,,263.3,702.0,0,0,-40.0,,5220,44,6
2026-09-11T00:48:30.973556+00:00,-39.0,,351.0,468.0,0,0,-40.0,,5220,44,4
2026-09-11T00:48:31.992677+00:00,-41.0,,351.0,585.0,0,0,-39.0,,5220,44,4
2026-09-11T00:48:33.016021+00:00,-40.0,,351.0,351.0,0,0,-39.0,,5220,44,4
2026-09-11T00:48:34.053030+00:00,-40.0,,292.5,78.0,0,0,-39.0,,5220,44,7
2026-09-11T00:48:35.676357+00:00,-38.0,,292.5,526.6,0,0,-38.0,,5220,44,7
2026-09-11T00:48:36.693050+00:00,-41.0,,292.5,526.6,0,0,-38.0,,5220,44,7
2026-09-11T00:48:37.717282+00:00,-41.0,,292.5,526.6,0,0,-37.0,,5220,44,7
2026-09-11T00:48:38.742642+00:00,-41.0,,292.5,526.6,0,0,-37.0,,5220,44,7
2026-09-11T00:48:39.769931+00:00,-41.0,,292.5,117.0,0,0,-37.0,,5220,44,7
2026-09-11T00:48:40.795701+00:00,-40.0,,292.5,526.6,0,0,-37.0,,5220,44,7
2026-09-11T00:48:41.810133+00:00,-41.0,,351.0,526.6,0,0,-37.0,,5220,44,4
2026-09-11T00:48:42.827675+00:00,-41.0,,351.0,526.6,0,0,-37.0,,5220,44,4
2026-09-11T00:48:43.849548+00:00,-41.0,,351.0,526.6,0,0,-37.0,,5220,44,4
2026-09-11T00:48:44.884093+00:00,-41.0,,351.0,117.0,0,0,-37.0,,5220,44,4
2026-09-11T00:48:45.994143+00:00,-41.0,,351.0,526.6,0,0,-37.0,,5220,44,4
2026-09-11T00:48:47.015277+00:00,-42.0,,351.0,526.6,0,0,-40.0,,5220,44,4
2026-09-11T00:48:48.105736+00:00,-42.0,,351.0,526.6,0,0,-41.0,,5220,44,4
2026-09-11T00:48:49.131063+00:00,-42.0,,351.0,526.6,0,0,-39.0,,5220,44,4
2026-09-11T00:48:50.157752+00:00,-37.0,,351.0,526.6,0,0,-38.0,,5220,44,4
