run,direction,algorithm,cc_host,distance_m,background_load_percent,band,repeat,wifi_metric,transport_metric,rho,p_value,n,strength
results\run_5m\run_5m_0udp_bbr_5Ghz\run_20260924_165558,uplink,bbr,linux,5,0,5GHz,1,rssi_dbm,rtt_ms,-0.08262538302596402,0.4285242979647777,94,weak
results\run_5m\run_5m_0udp_bbr_5Ghz\run_20260924_165558,uplink,bbr,linux,5,0,5GHz,1,rssi_dbm,throughput_mbps,-0.14171108474458233,0.17782838951526272,92,weak
results\run_5m\run_5m_0udp_bbr_5Ghz\run_20260924_165558,uplink,bbr,linux,5,0,5GHz,1,mcs,throughput_mbps,,,92,undefined
results\run_5m\run_5m_0udp_bbr_5Ghz\run_20260924_171216,uplink,bbr,linux,5,0,5GHz,2,rssi_dbm,rtt_ms,-0.010324864844108664,0.9200485715045688,97,weak
results\run_5m\run_5m_0udp_bbr_5Ghz\run_20260924_171216,uplink,bbr,linux,5,0,5GHz,2,rssi_dbm,throughput_mbps,-0.01812234388222442,0.864616693368754,91,weak
results\run_5m\run_5m_0udp_bbr_5Ghz\run_20260924_171216,uplink,bbr,linux,5,0,5GHz,2,mcs,throughput_mbps,0.15698143469475304,0.13726950913120753,91,weak
results\run_5m\run_5m_0udp_bbr_5Ghz\run_20260924_171538,uplink,bbr,linux,5,0,5GHz,3,rssi_dbm,rtt_ms,-0.014259431656546284,0.8840985106691959,107,weak
results\run_5m\run_5m_0udp_bbr_5Ghz\run_20260924_171538,uplink,bbr,linux,5,0,5GHz,3,rssi_dbm,throughput_mbps,0.2283722161207738,0.018544520559462884,106,weak
results\run_5m\run_5m_0udp_bbr_5Ghz\run_20260924_171538,uplink,bbr,linux,5,0,5GHz,3,mcs,throughput_mbps,0.19189718729447872,0.04876599579303516,106,weak
results\run_5m\run_5m_0udp_cubic_5GHz\run_20260911_020327,uplink,cubic,linux,5,0,5GHz,1,rssi_dbm,rtt_ms,0.2990709582356704,0.0019408482670046953,105,weak
results\run_5m\run_5m_0udp_cubic_5GHz\run_20260911_020327,uplink,cubic,linux,5,0,5GHz,1,rssi_dbm,throughput_mbps,0.0006181733841244775,0.995104820815609,101,weak
results\run_5m\run_5m_0udp_cubic_5GHz\run_20260911_020327,uplink,cubic,linux,5,0,5GHz,1,mcs,throughput_mbps,-0.08300192822817354,0.4092573366955627,101,weak
results\run_5m\run_5m_0udp_cubic_5GHz\run_20260911_021521,uplink,cubic,linux,5,0,5GHz,2,rssi_dbm,rtt_ms,-0.08612843561940225,0.3731992556425863,109,weak
results\run_5m\run_5m_0udp_cubic_5GHz\run_20260911_021521,uplink,cubic,linux,5,0,5GHz,2,rssi_dbm,throughput_mbps,-0.10787468575463988,0.26419866515057494,109,weak
results\run_5m\run_5m_0udp_cubic_5GHz\run_20260911_021521,uplink,cubic,linux,5,0,5GHz,2,mcs,throughput_mbps,0.2557915308023131,0.007262330021555011,109,weak
results\run_5m\run_5m_0udp_cubic_5GHz\run_20260911_022027,uplink,cubic,linux,5,0,5GHz,3,rssi_dbm,rtt_ms,-0.1311206089412817,0.17823434795224186,107,weak
results\run_5m\run_5m_0udp_cubic_5GHz\run_20260911_022027,uplink,cubic,linux,5,0,5GHz,3,rssi_dbm,throughput_mbps,-0.02109226773597344,0.8426945631137228,91,weak
results\run_5m\run_5m_0udp_cubic_5GHz\run_20260911_022027,uplink,cubic,linux,5,0,5GHz,3,mcs,throughput_mbps,0.09067227810550417,0.3926818595741066,91,weak
results\run_5m\run_5m_50udp_bbr_5Ghz\run_20260924_174513,uplink,bbr,linux,5,50,5GHz,1,rssi_dbm,rtt_ms,0.11217182163429484,0.23059344969861448,116,weak
results\run_5m\run_5m_50udp_bbr_5Ghz\run_20260924_174513,uplink,bbr,linux,5,50,5GHz,1,rssi_dbm,throughput_mbps,-0.046059759844714346,0.6296366632266619,112,weak
results\run_5m\run_5m_50udp_bbr_5Ghz\run_20260924_174513,uplink,bbr,linux,5,50,5GHz,1,mcs,throughput_mbps,,,112,undefined
results\run_5m\run_5m_50udp_bbr_5Ghz\run_20260924_174822,uplink,bbr,linux,5,50,5GHz,2,rssi_dbm,rtt_ms,-0.11942049203754745,0.20772114437546813,113,weak
results\run_5m\run_5m_50udp_bbr_5Ghz\run_20260924_174822,uplink,bbr,linux,5,50,5GHz,2,rssi_dbm,throughput_mbps,0.03970495433470156,0.6790605005123399,111,weak
results\run_5m\run_5m_50udp_bbr_5Ghz\run_20260924_174822,uplink,bbr,linux,5,50,5GHz,2,mcs,throughput_mbps,-0.04443945014247318,0.6432729477608808,111,weak
results\run_5m\run_5m_50udp_bbr_5Ghz\run_20260924_175157,uplink,bbr,linux,5,50,5GHz,3,rssi_dbm,rtt_ms,0.03193381299941067,0.7381911861024327,112,weak
results\run_5m\run_5m_50udp_bbr_5Ghz\run_20260924_175157,uplink,bbr,linux,5,50,5GHz,3,rssi_dbm,throughput_mbps,0.29083584079298563,0.0021548561450661953,109,weak
results\run_5m\run_5m_50udp_bbr_5Ghz\run_20260924_175157,uplink,bbr,linux,5,50,5GHz,3,mcs,throughput_mbps,0.053842256170493145,0.578174938890999,109,weak
results\run_5m\run_5m_50udp_cubic_5GHz\run_20260911_030841,uplink,cubic,linux,5,50,5GHz,1,rssi_dbm,rtt_ms,0.022222322448242612,0.8152731266743581,113,weak
results\run_5m\run_5m_50udp_cubic_5GHz\run_20260911_030841,uplink,cubic,linux,5,50,5GHz,1,rssi_dbm,throughput_mbps,0.13588894451926828,0.16083150528260845,108,weak
results\run_5m\run_5m_50udp_cubic_5GHz\run_20260911_030841,uplink,cubic,linux,5,50,5GHz,1,mcs,throughput_mbps,-0.0399958622311894,0.681089296043815,108,weak
results\run_5m\run_5m_50udp_cubic_5GHz\run_20260911_031529,uplink,cubic,linux,5,50,5GHz,2,rssi_dbm,rtt_ms,0.002105258228127174,0.982264241599318,114,weak
results\run_5m\run_5m_50udp_cubic_5GHz\run_20260911_031529,uplink,cubic,linux,5,50,5GHz,2,rssi_dbm,throughput_mbps,0.16153024446249845,0.09032161002413445,111,weak
results\run_5m\run_5m_50udp_cubic_5GHz\run_20260911_031529,uplink,cubic,linux,5,50,5GHz,2,mcs,throughput_mbps,-0.07248476261658085,0.4496343309921088,111,weak
results\run_5m\run_5m_50udp_cubic_5GHz\run_20260911_031948,uplink,cubic,linux,5,50,5GHz,3,rssi_dbm,rtt_ms,0.09751144708694415,0.30638963369774314,112,weak
results\run_5m\run_5m_50udp_cubic_5GHz\run_20260911_031948,uplink,cubic,linux,5,50,5GHz,3,rssi_dbm,throughput_mbps,0.11328069298434844,0.24086408792926317,109,weak
results\run_5m\run_5m_50udp_cubic_5GHz\run_20260911_031948,uplink,cubic,linux,5,50,5GHz,3,mcs,throughput_mbps,0.3128543599067136,0.0009256716563234599,109,weak
results\run_5m\run_5m_80udp_bbr_5Ghz\run_20260924_175607,uplink,bbr,linux,5,80,5GHz,1,rssi_dbm,rtt_ms,0.0641857602843092,0.4917485540709168,117,weak
results\run_5m\run_5m_80udp_bbr_5Ghz\run_20260924_175607,uplink,bbr,linux,5,80,5GHz,1,rssi_dbm,throughput_mbps,-0.11499138806175767,0.2273121538461864,112,weak
results\run_5m\run_5m_80udp_bbr_5Ghz\run_20260924_175607,uplink,bbr,linux,5,80,5GHz,1,mcs,throughput_mbps,,,112,undefined
results\run_5m\run_5m_80udp_bbr_5Ghz\run_20260924_180015,uplink,bbr,linux,5,80,5GHz,2,rssi_dbm,rtt_ms,0.14886603995827122,0.11556728528790951,113,weak
results\run_5m\run_5m_80udp_bbr_5Ghz\run_20260924_180015,uplink,bbr,linux,5,80,5GHz,2,rssi_dbm,throughput_mbps,0.01983727064496334,0.8355388191938274,112,weak
results\run_5m\run_5m_80udp_bbr_5Ghz\run_20260924_180015,uplink,bbr,linux,5,80,5GHz,2,mcs,throughput_mbps,0.4868786958480165,5.228652566966928e-08,112,weak
results\run_5m\run_5m_80udp_bbr_5Ghz\run_20260924_180340,uplink,bbr,linux,5,80,5GHz,3,rssi_dbm,rtt_ms,0.23354151266959888,0.013204154634886965,112,weak
results\run_5m\run_5m_80udp_bbr_5Ghz\run_20260924_180340,uplink,bbr,linux,5,80,5GHz,3,rssi_dbm,throughput_mbps,-0.023437057142505643,0.8079780513408312,110,weak
results\run_5m\run_5m_80udp_bbr_5Ghz\run_20260924_180340,uplink,bbr,linux,5,80,5GHz,3,mcs,throughput_mbps,-0.22919100587342373,0.016019646923450048,110,weak
results\run_5m\run_5m_80udp_cubic_5GHz\run_20260911_032444,uplink,cubic,linux,5,80,5GHz,1,rssi_dbm,rtt_ms,-0.22019780660708577,0.022026081329941157,108,weak
results\run_5m\run_5m_80udp_cubic_5GHz\run_20260911_032444,uplink,cubic,linux,5,80,5GHz,1,rssi_dbm,throughput_mbps,0.09911482554691477,0.314441176850304,105,weak
results\run_5m\run_5m_80udp_cubic_5GHz\run_20260911_032444,uplink,cubic,linux,5,80,5GHz,1,mcs,throughput_mbps,0.1437147922943273,0.14357292163976998,105,weak
results\run_5m\run_5m_80udp_cubic_5GHz\run_20260911_032851,uplink,cubic,linux,5,80,5GHz,2,rssi_dbm,rtt_ms,0.25148745447049375,0.0074781101768445195,112,weak
results\run_5m\run_5m_80udp_cubic_5GHz\run_20260911_032851,uplink,cubic,linux,5,80,5GHz,2,rssi_dbm,throughput_mbps,-0.019388022553364158,0.8414007607967946,109,weak
results\run_5m\run_5m_80udp_cubic_5GHz\run_20260911_032851,uplink,cubic,linux,5,80,5GHz,2,mcs,throughput_mbps,0.020376631549697134,0.833427700056815,109,weak
results\run_5m\run_5m_80udp_cubic_5GHz\run_20260911_033228,uplink,cubic,linux,5,80,5GHz,3,rssi_dbm,rtt_ms,-0.05444655431884246,0.5668040071042272,113,weak
results\run_5m\run_5m_80udp_cubic_5GHz\run_20260911_033228,uplink,cubic,linux,5,80,5GHz,3,rssi_dbm,throughput_mbps,0.10925686484250521,0.25149277113664,112,weak
results\run_5m\run_5m_80udp_cubic_5GHz\run_20260911_033228,uplink,cubic,linux,5,80,5GHz,3,mcs,throughput_mbps,0.31903567951095435,0.0006068590914440081,112,weak
results\run_1m\run_1m_0udp_bbr_5Ghz\run_20260924_182115,uplink,bbr,linux,1,0,5GHz,1,rssi_dbm,rtt_ms,0.18876448420036548,0.04932766575744222,109,weak
results\run_1m\run_1m_0udp_bbr_5Ghz\run_20260924_182115,uplink,bbr,linux,1,0,5GHz,1,rssi_dbm,throughput_mbps,0.05773076903429482,0.554754576390587,107,weak
results\run_1m\run_1m_0udp_bbr_5Ghz\run_20260924_182115,uplink,bbr,linux,1,0,5GHz,1,mcs,throughput_mbps,-0.023149600857333454,0.8129047043520028,107,weak
results\run_1m\run_1m_0udp_bbr_5Ghz\run_20260924_182353,uplink,bbr,linux,1,0,5GHz,2,rssi_dbm,rtt_ms,-0.13566278135059276,0.15569829041085034,111,weak
results\run_1m\run_1m_0udp_bbr_5Ghz\run_20260924_182353,uplink,bbr,linux,1,0,5GHz,2,rssi_dbm,throughput_mbps,0.4517547398338725,1.879656897127327e-06,102,weak
results\run_1m\run_1m_0udp_bbr_5Ghz\run_20260924_182353,uplink,bbr,linux,1,0,5GHz,2,mcs,throughput_mbps,0.25543054202486093,0.009568062898177415,102,weak
results\run_1m\run_1m_0udp_bbr_5Ghz\run_20260924_182712,uplink,bbr,linux,1,0,5GHz,3,rssi_dbm,rtt_ms,-0.09297550392889768,0.35024829009327135,103,weak
results\run_1m\run_1m_0udp_bbr_5Ghz\run_20260924_182712,uplink,bbr,linux,1,0,5GHz,3,rssi_dbm,throughput_mbps,0.4379946623004954,7.2347547593737334e-06,97,weak
results\run_1m\run_1m_0udp_bbr_5Ghz\run_20260924_182712,uplink,bbr,linux,1,0,5GHz,3,mcs,throughput_mbps,0.42031971232319115,1.8167950818516793e-05,97,weak
results\run_1m\run_1m_0udp_cubic_5GHz\run_20260911_022845,uplink,cubic,linux,1,0,5GHz,1,rssi_dbm,rtt_ms,-0.3614421042548336,9.023311813250755e-05,112,weak
results\run_1m\run_1m_0udp_cubic_5GHz\run_20260911_022845,uplink,cubic,linux,1,0,5GHz,1,rssi_dbm,throughput_mbps,-0.023209588602725463,0.8205436841385183,98,weak
results\run_1m\run_1m_0udp_cubic_5GHz\run_20260911_022845,uplink,cubic,linux,1,0,5GHz,1,mcs,throughput_mbps,0.023932563629727947,0.8150517756213009,98,weak
results\run_1m\run_1m_0udp_cubic_5GHz\run_20260911_023320,uplink,cubic,linux,1,0,5GHz,2,rssi_dbm,rtt_ms,0.37605922660209234,4.384405197413133e-05,112,weak
results\run_1m\run_1m_0udp_cubic_5GHz\run_20260911_023320,uplink,cubic,linux,1,0,5GHz,2,rssi_dbm,throughput_mbps,-0.16015122328301043,0.09466275383423525,110,weak
results\run_1m\run_1m_0udp_cubic_5GHz\run_20260911_023320,uplink,cubic,linux,1,0,5GHz,2,mcs,throughput_mbps,-0.009331348046610571,0.9229232586381009,110,weak
results\run_1m\run_1m_0udp_cubic_5GHz\run_20260911_023642,uplink,cubic,linux,1,0,5GHz,3,rssi_dbm,rtt_ms,0.006186583930763003,0.9483819997986824,112,weak
results\run_1m\run_1m_0udp_cubic_5GHz\run_20260911_023642,uplink,cubic,linux,1,0,5GHz,3,rssi_dbm,throughput_mbps,-0.11664520109374248,0.22065285794836123,112,weak
results\run_1m\run_1m_0udp_cubic_5GHz\run_20260911_023642,uplink,cubic,linux,1,0,5GHz,3,mcs,throughput_mbps,0.10833150799623069,0.2555546076674268,112,weak
results\run_1m\run_1m_50udp_bbr_5Ghz\run_20260924_183053,uplink,bbr,linux,1,50,5GHz,1,rssi_dbm,rtt_ms,0.04459614784803402,0.637538237133124,114,weak
results\run_1m\run_1m_50udp_bbr_5Ghz\run_20260924_183053,uplink,bbr,linux,1,50,5GHz,1,rssi_dbm,throughput_mbps,-0.10985132353817342,0.244630678508293,114,weak
results\run_1m\run_1m_50udp_bbr_5Ghz\run_20260924_183053,uplink,bbr,linux,1,50,5GHz,1,mcs,throughput_mbps,-0.04628741138500546,0.624820448325638,114,weak
results\run_1m\run_1m_50udp_bbr_5Ghz\run_20260924_183423,uplink,bbr,linux,1,50,5GHz,2,rssi_dbm,rtt_ms,0.08740351926076433,0.35297298760792245,115,weak
results\run_1m\run_1m_50udp_bbr_5Ghz\run_20260924_183423,uplink,bbr,linux,1,50,5GHz,2,rssi_dbm,throughput_mbps,0.054316999450656635,0.5642451336979267,115,weak
results\run_1m\run_1m_50udp_bbr_5Ghz\run_20260924_183423,uplink,bbr,linux,1,50,5GHz,2,mcs,throughput_mbps,-0.08073399726650766,0.3910476822459632,115,weak
results\run_1m\run_1m_50udp_bbr_5Ghz\run_20260924_183853,uplink,bbr,linux,1,50,5GHz,3,rssi_dbm,rtt_ms,-0.0998619229470943,0.2883001999146195,115,weak
results\run_1m\run_1m_50udp_bbr_5Ghz\run_20260924_183853,uplink,bbr,linux,1,50,5GHz,3,rssi_dbm,throughput_mbps,0.07213277150288308,0.44362505856462847,115,weak
results\run_1m\run_1m_50udp_bbr_5Ghz\run_20260924_183853,uplink,bbr,linux,1,50,5GHz,3,mcs,throughput_mbps,-0.10156855593200162,0.28009824976378217,115,weak
results\run_1m\run_1m_50udp_cubic_5GHz\run_20260911_034326,uplink,cubic,linux,1,50,5GHz,1,rssi_dbm,rtt_ms,0.13155949142177806,0.16106290120589295,115,weak
results\run_1m\run_1m_50udp_cubic_5GHz\run_20260911_034326,uplink,cubic,linux,1,50,5GHz,1,rssi_dbm,throughput_mbps,-0.19860015145822874,0.04225870802368226,105,weak
results\run_1m\run_1m_50udp_cubic_5GHz\run_20260911_034326,uplink,cubic,linux,1,50,5GHz,1,mcs,throughput_mbps,-0.0117820479907098,0.9050464000654322,105,weak
results\run_1m\run_1m_50udp_cubic_5GHz\run_20260911_034648,uplink,cubic,linux,1,50,5GHz,2,rssi_dbm,rtt_ms,-0.07843714053686297,0.4047091168890326,115,weak
results\run_1m\run_1m_50udp_cubic_5GHz\run_20260911_034648,uplink,cubic,linux,1,50,5GHz,2,rssi_dbm,throughput_mbps,0.0814880073109925,0.38874261649379793,114,weak
results\run_1m\run_1m_50udp_cubic_5GHz\run_20260911_034648,uplink,cubic,linux,1,50,5GHz,2,mcs,throughput_mbps,0.20645150193370726,0.027538049155908347,114,weak
results\run_1m\run_1m_50udp_cubic_5GHz\run_20260911_035050,uplink,cubic,linux,1,50,5GHz,3,rssi_dbm,rtt_ms,0.024958480411244214,0.7902843743904336,116,weak
results\run_1m\run_1m_50udp_cubic_5GHz\run_20260911_035050,uplink,cubic,linux,1,50,5GHz,3,rssi_dbm,throughput_mbps,-0.08767616795524616,0.3536169086795447,114,weak
results\run_1m\run_1m_50udp_cubic_5GHz\run_20260911_035050,uplink,cubic,linux,1,50,5GHz,3,mcs,throughput_mbps,0.11755392191335062,0.2129024843951702,114,weak
results\run_1m\run_1m_80udp_bbr_5Ghz\run_20260924_184323,uplink,bbr,linux,1,80,5GHz,1,rssi_dbm,rtt_ms,0.2911831888465215,0.0015181715744964444,116,weak
results\run_1m\run_1m_80udp_bbr_5Ghz\run_20260924_184323,uplink,bbr,linux,1,80,5GHz,1,rssi_dbm,throughput_mbps,-0.27890289549174735,0.0024314627830874635,116,weak
results\run_1m\run_1m_80udp_bbr_5Ghz\run_20260924_184323,uplink,bbr,linux,1,80,5GHz,1,mcs,throughput_mbps,0.551951033717821,1.3429698059733517e-10,116,moderate
results\run_1m\run_1m_80udp_bbr_5Ghz\run_20260924_184707,uplink,bbr,linux,1,80,5GHz,2,rssi_dbm,rtt_ms,0.1344263263924799,0.1502425955117339,116,weak
results\run_1m\run_1m_80udp_bbr_5Ghz\run_20260924_184707,uplink,bbr,linux,1,80,5GHz,2,rssi_dbm,throughput_mbps,-0.3640308396876739,7.960552127407906e-05,112,weak
results\run_1m\run_1m_80udp_bbr_5Ghz\run_20260924_184707,uplink,bbr,linux,1,80,5GHz,2,mcs,throughput_mbps,0.08758649282313533,0.35846393293917184,112,weak
results\run_1m\run_1m_80udp_cubic_5GHz\run_20260911_035349,uplink,cubic,linux,1,80,5GHz,1,rssi_dbm,rtt_ms,-0.05901565997195449,0.5273545697309296,117,weak
results\run_1m\run_1m_80udp_cubic_5GHz\run_20260911_035349,uplink,cubic,linux,1,80,5GHz,1,rssi_dbm,throughput_mbps,-0.009876801240284271,0.9158287338554985,117,weak
results\run_1m\run_1m_80udp_cubic_5GHz\run_20260911_035349,uplink,cubic,linux,1,80,5GHz,1,mcs,throughput_mbps,0.15669909412140945,0.09156462932781198,117,weak
results\run_1m\run_1m_80udp_cubic_5GHz\run_20260911_035825,uplink,cubic,linux,1,80,5GHz,2,rssi_dbm,rtt_ms,-0.1653171608725111,0.08152034407594567,112,weak
results\run_1m\run_1m_80udp_cubic_5GHz\run_20260911_035825,uplink,cubic,linux,1,80,5GHz,2,rssi_dbm,throughput_mbps,-0.13231768443961955,0.17222307733664838,108,weak
results\run_1m\run_1m_80udp_cubic_5GHz\run_20260911_035825,uplink,cubic,linux,1,80,5GHz,2,mcs,throughput_mbps,-0.1441941308548084,0.13652292644914424,108,weak
results\run_1m\run_1m_80udp_cubic_5GHz\run_20260911_040343,uplink,cubic,linux,1,80,5GHz,3,rssi_dbm,rtt_ms,-0.13941310948676566,0.1355515474563589,116,weak
results\run_1m\run_1m_80udp_cubic_5GHz\run_20260911_040343,uplink,cubic,linux,1,80,5GHz,3,rssi_dbm,throughput_mbps,-0.019360980898421077,0.8394338417934536,112,weak
results\run_1m\run_1m_80udp_cubic_5GHz\run_20260911_040343,uplink,cubic,linux,1,80,5GHz,3,mcs,throughput_mbps,0.21490535254119356,0.02287680733500747,112,weak
results_downlink\run_5m\run_5m_0udp_bbr_5GHz\run_20260929_185719,downlink,bbr,windows,5,0,5GHz,1,rssi_dbm,rtt_ms,,,111,undefined
results_downlink\run_5m\run_5m_0udp_bbr_5GHz\run_20260929_185719,downlink,bbr,windows,5,0,5GHz,1,rssi_dbm,throughput_mbps,-0.18307643917434505,0.054444402240143026,111,weak
results_downlink\run_5m\run_5m_0udp_bbr_5GHz\run_20260929_185719,downlink,bbr,windows,5,0,5GHz,1,mcs,throughput_mbps,-0.103399190060966,0.28016714067116094,111,weak
results_downlink\run_5m\run_5m_0udp_bbr_5GHz\run_20260929_190005,downlink,bbr,windows,5,0,5GHz,2,rssi_dbm,rtt_ms,,,112,undefined
results_downlink\run_5m\run_5m_0udp_bbr_5GHz\run_20260929_190005,downlink,bbr,windows,5,0,5GHz,2,rssi_dbm,throughput_mbps,0.16837917815543882,0.07730549641466805,111,weak
results_downlink\run_5m\run_5m_0udp_bbr_5GHz\run_20260929_190005,downlink,bbr,windows,5,0,5GHz,2,mcs,throughput_mbps,-0.20563245505600927,0.030376790019254453,111,weak
results_downlink\run_5m\run_5m_0udp_bbr_5GHz\run_20260929_190247,downlink,bbr,windows,5,0,5GHz,3,rssi_dbm,rtt_ms,,,104,undefined
results_downlink\run_5m\run_5m_0udp_bbr_5GHz\run_20260929_190247,downlink,bbr,windows,5,0,5GHz,3,rssi_dbm,throughput_mbps,0.13639241154434595,0.17602086379234883,100,weak
results_downlink\run_5m\run_5m_0udp_bbr_5GHz\run_20260929_190247,downlink,bbr,windows,5,0,5GHz,3,mcs,throughput_mbps,-0.2672584799632319,0.007186730057337061,100,weak
results_downlink\run_5m\run_5m_0udp_cubic_5GHz\run_20260929_172123,downlink,cubic,windows,5,0,5GHz,1,rssi_dbm,rtt_ms,0.1204615548102668,0.20375718444463298,113,weak
results_downlink\run_5m\run_5m_0udp_cubic_5GHz\run_20260929_172123,downlink,cubic,windows,5,0,5GHz,1,rssi_dbm,throughput_mbps,-0.09734320580239453,0.30285224281455636,114,weak
results_downlink\run_5m\run_5m_0udp_cubic_5GHz\run_20260929_172123,downlink,cubic,windows,5,0,5GHz,1,mcs,throughput_mbps,0.21008033410132743,0.024869618347755054,114,weak
results_downlink\run_5m\run_5m_0udp_cubic_5GHz\run_20260929_172410,downlink,cubic,windows,5,0,5GHz,2,rssi_dbm,rtt_ms,,,111,undefined
results_downlink\run_5m\run_5m_0udp_cubic_5GHz\run_20260929_172410,downlink,cubic,windows,5,0,5GHz,2,rssi_dbm,throughput_mbps,0.5547092775823698,4.689119355698428e-10,108,moderate
results_downlink\run_5m\run_5m_0udp_cubic_5GHz\run_20260929_172410,downlink,cubic,windows,5,0,5GHz,2,mcs,throughput_mbps,0.7377740409206199,8.442885677120844e-20,108,strong
results_downlink\run_5m\run_5m_0udp_cubic_5GHz\run_20260929_173337,downlink,cubic,windows,5,0,5GHz,3,rssi_dbm,rtt_ms,,,114,undefined
results_downlink\run_5m\run_5m_0udp_cubic_5GHz\run_20260929_173337,downlink,cubic,windows,5,0,5GHz,3,rssi_dbm,throughput_mbps,-0.11950689754678888,0.20739006154730527,113,weak
results_downlink\run_5m\run_5m_0udp_cubic_5GHz\run_20260929_173337,downlink,cubic,windows,5,0,5GHz,3,mcs,throughput_mbps,-0.02775287020703398,0.7704448395537357,113,weak
results_downlink\run_5m\run_5m_50udp_bbr_5GHz\run_20260929_190741,downlink,bbr,windows,5,50,5GHz,1,rssi_dbm,rtt_ms,,,113,undefined
results_downlink\run_5m\run_5m_50udp_bbr_5GHz\run_20260929_190741,downlink,bbr,windows,5,50,5GHz,1,rssi_dbm,throughput_mbps,-0.04875571430923361,0.612987386834058,110,weak
results_downlink\run_5m\run_5m_50udp_bbr_5GHz\run_20260929_190741,downlink,bbr,windows,5,50,5GHz,1,mcs,throughput_mbps,-0.19565811164798735,0.04051285844278217,110,weak
results_downlink\run_5m\run_5m_50udp_bbr_5GHz\run_20260929_193252,downlink,bbr,windows,5,50,5GHz,2,rssi_dbm,rtt_ms,,,116,undefined
results_downlink\run_5m\run_5m_50udp_bbr_5GHz\run_20260929_193252,downlink,bbr,windows,5,50,5GHz,2,rssi_dbm,throughput_mbps,0.19907006846319197,0.03293592674992948,115,weak
results_downlink\run_5m\run_5m_50udp_bbr_5GHz\run_20260929_193252,downlink,bbr,windows,5,50,5GHz,2,mcs,throughput_mbps,0.09121335669301014,0.33230004537064356,115,weak
results_downlink\run_5m\run_5m_50udp_bbr_5GHz\run_20260929_193558,downlink,bbr,windows,5,50,5GHz,3,rssi_dbm,rtt_ms,,,116,undefined
results_downlink\run_5m\run_5m_50udp_bbr_5GHz\run_20260929_193558,downlink,bbr,windows,5,50,5GHz,3,rssi_dbm,throughput_mbps,0.16354710110892076,0.079394217874905,116,weak
results_downlink\run_5m\run_5m_50udp_bbr_5GHz\run_20260929_193558,downlink,bbr,windows,5,50,5GHz,3,mcs,throughput_mbps,0.07120063210619533,0.44754504634524994,116,weak
results_downlink\run_5m\run_5m_50udp_cubic_5GHz\run_20260929_183249,downlink,cubic,windows,5,50,5GHz,1,rssi_dbm,rtt_ms,,,117,undefined
results_downlink\run_5m\run_5m_50udp_cubic_5GHz\run_20260929_183249,downlink,cubic,windows,5,50,5GHz,1,rssi_dbm,throughput_mbps,-0.11927737381841406,0.2042014832252516,115,weak
results_downlink\run_5m\run_5m_50udp_cubic_5GHz\run_20260929_183249,downlink,cubic,windows,5,50,5GHz,1,mcs,throughput_mbps,0.15924045239257814,0.089154746184876,115,weak
results_downlink\run_5m\run_5m_50udp_cubic_5GHz\run_20260929_183854,downlink,cubic,windows,5,50,5GHz,2,rssi_dbm,rtt_ms,,,115,undefined
results_downlink\run_5m\run_5m_50udp_cubic_5GHz\run_20260929_183854,downlink,cubic,windows,5,50,5GHz,2,rssi_dbm,throughput_mbps,0.036193563515229225,0.709982445631175,108,weak
results_downlink\run_5m\run_5m_50udp_cubic_5GHz\run_20260929_183854,downlink,cubic,windows,5,50,5GHz,2,mcs,throughput_mbps,0.0,1.0,108,weak
results_downlink\run_5m\run_5m_50udp_cubic_5GHz\run_20260929_184149,downlink,cubic,windows,5,50,5GHz,3,rssi_dbm,rtt_ms,,,118,undefined
results_downlink\run_5m\run_5m_50udp_cubic_5GHz\run_20260929_184149,downlink,cubic,windows,5,50,5GHz,3,rssi_dbm,throughput_mbps,-0.05249802322475278,0.5756950905462659,116,weak
results_downlink\run_5m\run_5m_50udp_cubic_5GHz\run_20260929_184149,downlink,cubic,windows,5,50,5GHz,3,mcs,throughput_mbps,0.332777498288325,0.0002623366200745938,116,weak
results_downlink\run_5m\run_5m_80udp_bbr_5GHz\run_20260929_193906,downlink,bbr,windows,5,80,5GHz,1,rssi_dbm,rtt_ms,,,116,undefined
results_downlink\run_5m\run_5m_80udp_bbr_5GHz\run_20260929_193906,downlink,bbr,windows,5,80,5GHz,1,rssi_dbm,throughput_mbps,0.11715408361393302,0.21242985209133677,115,weak
results_downlink\run_5m\run_5m_80udp_bbr_5GHz\run_20260929_193906,downlink,bbr,windows,5,80,5GHz,1,mcs,throughput_mbps,0.22651588261779462,0.014920402164901382,115,weak
results_downlink\run_5m\run_5m_80udp_bbr_5GHz\run_20260929_194153,downlink,bbr,windows,5,80,5GHz,2,rssi_dbm,rtt_ms,,,115,undefined
results_downlink\run_5m\run_5m_80udp_bbr_5GHz\run_20260929_194153,downlink,bbr,windows,5,80,5GHz,2,rssi_dbm,throughput_mbps,-0.10400928063054977,0.27078064871560004,114,weak
results_downlink\run_5m\run_5m_80udp_bbr_5GHz\run_20260929_194153,downlink,bbr,windows,5,80,5GHz,2,mcs,throughput_mbps,-0.1474432250065731,0.11746981344183295,114,weak
results_downlink\run_5m\run_5m_80udp_bbr_5GHz\run_20260929_194452,downlink,bbr,windows,5,80,5GHz,3,rssi_dbm,rtt_ms,,,112,undefined
results_downlink\run_5m\run_5m_80udp_bbr_5GHz\run_20260929_194452,downlink,bbr,windows,5,80,5GHz,3,rssi_dbm,throughput_mbps,0.18960580844611272,0.04624758456122903,111,weak
results_downlink\run_5m\run_5m_80udp_bbr_5GHz\run_20260929_194452,downlink,bbr,windows,5,80,5GHz,3,mcs,throughput_mbps,-0.17304882770082036,0.0693285742657552,111,weak
results_downlink\run_5m\run_5m_80udp_cubic_5GHz\run_20260929_184446,downlink,cubic,windows,5,80,5GHz,1,rssi_dbm,rtt_ms,,,117,undefined
results_downlink\run_5m\run_5m_80udp_cubic_5GHz\run_20260929_184446,downlink,cubic,windows,5,80,5GHz,1,rssi_dbm,throughput_mbps,-0.27694460855619246,0.0026160976212289025,116,weak
results_downlink\run_5m\run_5m_80udp_cubic_5GHz\run_20260929_184446,downlink,cubic,windows,5,80,5GHz,1,mcs,throughput_mbps,0.12263832282779237,0.1896864014101735,116,weak
results_downlink\run_5m\run_5m_80udp_cubic_5GHz\run_20260929_184746,downlink,cubic,windows,5,80,5GHz,2,rssi_dbm,rtt_ms,0.14881424427889509,0.11406040339744257,114,weak
results_downlink\run_5m\run_5m_80udp_cubic_5GHz\run_20260929_184746,downlink,cubic,windows,5,80,5GHz,2,rssi_dbm,throughput_mbps,0.35112131238351746,0.00024018566960082863,105,weak
results_downlink\run_5m\run_5m_80udp_cubic_5GHz\run_20260929_184746,downlink,cubic,windows,5,80,5GHz,2,mcs,throughput_mbps,-0.15160135656598325,0.12263834660404,105,weak
results_downlink\run_5m\run_5m_80udp_cubic_5GHz\run_20260929_185033,downlink,cubic,windows,5,80,5GHz,3,rssi_dbm,rtt_ms,,,113,undefined
results_downlink\run_5m\run_5m_80udp_cubic_5GHz\run_20260929_185033,downlink,cubic,windows,5,80,5GHz,3,rssi_dbm,throughput_mbps,0.05014499492070585,0.6012117086449543,111,weak
results_downlink\run_5m\run_5m_80udp_cubic_5GHz\run_20260929_185033,downlink,cubic,windows,5,80,5GHz,3,mcs,throughput_mbps,0.24207261811113873,0.01047586997574689,111,weak
results_downlink\run_1m\run_1m_0udp_bbr_5GHz\run_20260929_203301,downlink,bbr,windows,1,0,5GHz,1,rssi_dbm,rtt_ms,,,114,undefined
results_downlink\run_1m\run_1m_0udp_bbr_5GHz\run_20260929_203301,downlink,bbr,windows,1,0,5GHz,1,rssi_dbm,throughput_mbps,-0.18789629727505797,0.04626746026617573,113,weak
results_downlink\run_1m\run_1m_0udp_bbr_5GHz\run_20260929_203301,downlink,bbr,windows,1,0,5GHz,1,mcs,throughput_mbps,0.18224206681775587,0.05336800502947805,113,weak
results_downlink\run_1m\run_1m_0udp_bbr_5GHz\run_20260929_204512,downlink,bbr,windows,1,0,5GHz,2,rssi_dbm,rtt_ms,,,118,undefined
results_downlink\run_1m\run_1m_0udp_bbr_5GHz\run_20260929_204512,downlink,bbr,windows,1,0,5GHz,2,rssi_dbm,throughput_mbps,-0.03219534190349862,0.7292692764178751,118,weak
results_downlink\run_1m\run_1m_0udp_bbr_5GHz\run_20260929_204512,downlink,bbr,windows,1,0,5GHz,2,mcs,throughput_mbps,-0.255533082956014,0.005225817625729958,118,weak
results_downlink\run_1m\run_1m_0udp_bbr_5GHz\run_20260929_204747,downlink,bbr,windows,1,0,5GHz,3,rssi_dbm,rtt_ms,0.009776007363249009,0.9159627990671216,119,weak
results_downlink\run_1m\run_1m_0udp_bbr_5GHz\run_20260929_204747,downlink,bbr,windows,1,0,5GHz,3,rssi_dbm,throughput_mbps,-0.07954927114064979,0.39389741830296143,117,weak
results_downlink\run_1m\run_1m_0udp_bbr_5GHz\run_20260929_204747,downlink,bbr,windows,1,0,5GHz,3,mcs,throughput_mbps,0.49431630826691336,1.4767665775979482e-08,117,weak
results_downlink\run_1m\run_1m_0udp_cubic_5GHz\run_20260929_213036,downlink,cubic,windows,1,0,5GHz,1,rssi_dbm,rtt_ms,,,118,undefined
results_downlink\run_1m\run_1m_0udp_cubic_5GHz\run_20260929_213036,downlink,cubic,windows,1,0,5GHz,1,rssi_dbm,throughput_mbps,-0.14043112164297086,0.1309974896008908,117,weak
results_downlink\run_1m\run_1m_0udp_cubic_5GHz\run_20260929_213036,downlink,cubic,windows,1,0,5GHz,1,mcs,throughput_mbps,0.14513915840552277,0.11844262914972395,117,weak
results_downlink\run_1m\run_1m_0udp_cubic_5GHz\run_20260929_213720,downlink,cubic,windows,1,0,5GHz,2,rssi_dbm,rtt_ms,,,118,undefined
results_downlink\run_1m\run_1m_0udp_cubic_5GHz\run_20260929_213720,downlink,cubic,windows,1,0,5GHz,2,rssi_dbm,throughput_mbps,0.21906948294236592,0.019740654967779863,113,weak
results_downlink\run_1m\run_1m_0udp_cubic_5GHz\run_20260929_213720,downlink,cubic,windows,1,0,5GHz,2,mcs,throughput_mbps,-0.12499553781712627,0.187126616812557,113,weak
results_downlink\run_1m\run_1m_0udp_cubic_5GHz\run_20260929_214044,downlink,cubic,windows,1,0,5GHz,3,rssi_dbm,rtt_ms,,,118,undefined
results_downlink\run_1m\run_1m_0udp_cubic_5GHz\run_20260929_214044,downlink,cubic,windows,1,0,5GHz,3,rssi_dbm,throughput_mbps,-0.05802004986634993,0.5343572374362058,117,weak
results_downlink\run_1m\run_1m_0udp_cubic_5GHz\run_20260929_214044,downlink,cubic,windows,1,0,5GHz,3,mcs,throughput_mbps,-0.18520815907308066,0.04559165038776734,117,weak
results_downlink\run_1m\run_1m_50udp_bbr_5GHz\run_20260929_205032,downlink,bbr,windows,1,50,5GHz,1,rssi_dbm,rtt_ms,,,118,undefined
results_downlink\run_1m\run_1m_50udp_bbr_5GHz\run_20260929_205032,downlink,bbr,windows,1,50,5GHz,1,rssi_dbm,throughput_mbps,0.11436471412947731,0.21752185499639584,118,weak
results_downlink\run_1m\run_1m_50udp_bbr_5GHz\run_20260929_205032,downlink,bbr,windows,1,50,5GHz,1,mcs,throughput_mbps,,,118,undefined
results_downlink\run_1m\run_1m_50udp_bbr_5GHz\run_20260929_205316,downlink,bbr,windows,1,50,5GHz,2,rssi_dbm,rtt_ms,,,117,undefined
results_downlink\run_1m\run_1m_50udp_bbr_5GHz\run_20260929_205316,downlink,bbr,windows,1,50,5GHz,2,rssi_dbm,throughput_mbps,-0.10947760494008038,0.23999360573684042,117,weak
results_downlink\run_1m\run_1m_50udp_bbr_5GHz\run_20260929_205316,downlink,bbr,windows,1,50,5GHz,2,mcs,throughput_mbps,0.1376464364857488,0.1388886136637453,117,weak
results_downlink\run_1m\run_1m_50udp_bbr_5GHz\run_20260929_205634,downlink,bbr,windows,1,50,5GHz,3,rssi_dbm,rtt_ms,,,118,undefined
results_downlink\run_1m\run_1m_50udp_bbr_5GHz\run_20260929_205634,downlink,bbr,windows,1,50,5GHz,3,rssi_dbm,throughput_mbps,-0.003149105545403352,0.9731186555721547,117,weak
results_downlink\run_1m\run_1m_50udp_bbr_5GHz\run_20260929_205634,downlink,bbr,windows,1,50,5GHz,3,mcs,throughput_mbps,0.15669909412140945,0.09156462932781198,117,weak
results_downlink\run_1m\run_1m_50udp_cubic_5GHz\run_20260929_215837,downlink,cubic,windows,1,50,5GHz,1,rssi_dbm,rtt_ms,0.08751099384129507,0.3439583991344718,119,weak
results_downlink\run_1m\run_1m_50udp_cubic_5GHz\run_20260929_215837,downlink,cubic,windows,1,50,5GHz,1,rssi_dbm,throughput_mbps,-0.08537299023149376,0.3600826283687585,117,weak
results_downlink\run_1m\run_1m_50udp_cubic_5GHz\run_20260929_215837,downlink,cubic,windows,1,50,5GHz,1,mcs,throughput_mbps,-0.11322825006651643,0.22416996329675645,117,weak
results_downlink\run_1m\run_1m_50udp_cubic_5GHz\run_20260929_221239,downlink,cubic,windows,1,50,5GHz,2,rssi_dbm,rtt_ms,,,115,undefined
results_downlink\run_1m\run_1m_50udp_cubic_5GHz\run_20260929_221239,downlink,cubic,windows,1,50,5GHz,2,rssi_dbm,throughput_mbps,0.11424875990089076,0.2240677599037589,115,weak
results_downlink\run_1m\run_1m_50udp_cubic_5GHz\run_20260929_221239,downlink,cubic,windows,1,50,5GHz,2,mcs,throughput_mbps,,,115,undefined
results_downlink\run_1m\run_1m_50udp_cubic_5GHz\run_20260929_225720,downlink,cubic,windows,1,50,5GHz,3,rssi_dbm,rtt_ms,,,118,undefined
results_downlink\run_1m\run_1m_50udp_cubic_5GHz\run_20260929_225720,downlink,cubic,windows,1,50,5GHz,3,rssi_dbm,throughput_mbps,-0.07876198762053432,0.3965580099093219,118,weak
results_downlink\run_1m\run_1m_50udp_cubic_5GHz\run_20260929_225720,downlink,cubic,windows,1,50,5GHz,3,mcs,throughput_mbps,,,118,undefined
results_downlink\run_1m\run_1m_80udp_bbr_5GHz\run_20260929_211949,downlink,bbr,windows,1,80,5GHz,1,rssi_dbm,rtt_ms,0.24793281289043909,0.006790015667590799,118,weak
results_downlink\run_1m\run_1m_80udp_bbr_5GHz\run_20260929_211949,downlink,bbr,windows,1,80,5GHz,1,rssi_dbm,throughput_mbps,-0.14341816986841482,0.12291931218504172,117,weak
results_downlink\run_1m\run_1m_80udp_bbr_5GHz\run_20260929_211949,downlink,bbr,windows,1,80,5GHz,1,mcs,throughput_mbps,0.09509117274844596,0.3078052727341861,117,weak
results_downlink\run_1m\run_1m_80udp_bbr_5GHz\run_20260929_212250,downlink,bbr,windows,1,80,5GHz,2,rssi_dbm,rtt_ms,,,117,undefined
results_downlink\run_1m\run_1m_80udp_bbr_5GHz\run_20260929_212250,downlink,bbr,windows,1,80,5GHz,2,rssi_dbm,throughput_mbps,-0.18227524870765408,0.049188924300730984,117,weak
results_downlink\run_1m\run_1m_80udp_bbr_5GHz\run_20260929_212250,downlink,bbr,windows,1,80,5GHz,2,mcs,throughput_mbps,,,117,undefined
results_downlink\run_1m\run_1m_80udp_bbr_5GHz\run_20260929_212617,downlink,bbr,windows,1,80,5GHz,3,rssi_dbm,rtt_ms,,,117,undefined
results_downlink\run_1m\run_1m_80udp_bbr_5GHz\run_20260929_212617,downlink,bbr,windows,1,80,5GHz,3,rssi_dbm,throughput_mbps,0.039911254715031964,0.6692034712673953,117,weak
results_downlink\run_1m\run_1m_80udp_bbr_5GHz\run_20260929_212617,downlink,bbr,windows,1,80,5GHz,3,mcs,throughput_mbps,,,117,undefined
results_downlink\run_1m\run_1m_80udp_cubic_5GHz\run_20260929_230026,downlink,cubic,windows,1,80,5GHz,1,rssi_dbm,rtt_ms,,,118,undefined
results_downlink\run_1m\run_1m_80udp_cubic_5GHz\run_20260929_230026,downlink,cubic,windows,1,80,5GHz,1,rssi_dbm,throughput_mbps,-0.1669906318509774,0.07193258158078365,117,weak
results_downlink\run_1m\run_1m_80udp_cubic_5GHz\run_20260929_230026,downlink,cubic,windows,1,80,5GHz,1,mcs,throughput_mbps,-0.2797683359381971,0.0022512595390418505,117,weak
results_downlink\run_1m\run_1m_80udp_cubic_5GHz\run_20260929_230454,downlink,cubic,windows,1,80,5GHz,2,rssi_dbm,rtt_ms,,,118,undefined
results_downlink\run_1m\run_1m_80udp_cubic_5GHz\run_20260929_230454,downlink,cubic,windows,1,80,5GHz,2,rssi_dbm,throughput_mbps,-0.07603620516698853,0.4151825887438285,117,weak
results_downlink\run_1m\run_1m_80udp_cubic_5GHz\run_20260929_230454,downlink,cubic,windows,1,80,5GHz,2,mcs,throughput_mbps,-0.11207419077285666,0.22895837578587344,117,weak
results_downlink\run_1m\run_1m_80udp_cubic_5GHz\run_20260929_230856,downlink,cubic,windows,1,80,5GHz,3,rssi_dbm,rtt_ms,,,118,undefined
results_downlink\run_1m\run_1m_80udp_cubic_5GHz\run_20260929_230856,downlink,cubic,windows,1,80,5GHz,3,rssi_dbm,throughput_mbps,-0.02440761111874965,0.7939282323310644,117,weak
results_downlink\run_1m\run_1m_80udp_cubic_5GHz\run_20260929_230856,downlink,cubic,windows,1,80,5GHz,3,mcs,throughput_mbps,,,117,undefined
