direction,algorithm,cc_host,distance_m,background_load_percent,band,wifi_metric,transport_metric,rho_mean,rho_std,p_value_mean,n_mean,valid_correlations,physical_repeats,strength
downlink,bbr,windows,1,0,5GHz,mcs,throughput_mbps,0.1403417640428851,0.37667659060368763,0.019531279140957928,116.0,3,3,weak
downlink,bbr,windows,1,0,5GHz,rssi_dbm,rtt_ms,0.009776007363249009,,0.9159627990671216,117.0,1,3,weak
downlink,bbr,windows,1,0,5GHz,rssi_dbm,throughput_mbps,-0.09988030343973546,0.0798167277684567,0.38981138499567075,116.0,3,3,weak
downlink,bbr,windows,1,50,5GHz,mcs,throughput_mbps,0.14717276530357914,0.01347226341380128,0.11522662149577864,117.33333333333333,2,3,weak
downlink,bbr,windows,1,50,5GHz,rssi_dbm,rtt_ms,,,,117.66666666666667,0,3,undefined
downlink,bbr,windows,1,50,5GHz,rssi_dbm,throughput_mbps,0.0005793345479978591,0.11196772705006107,0.4768780387684637,117.33333333333333,3,3,weak
downlink,bbr,windows,1,80,5GHz,mcs,throughput_mbps,0.09509117274844596,,0.3078052727341861,117.0,1,3,weak
downlink,bbr,windows,1,80,5GHz,rssi_dbm,rtt_ms,0.24793281289043909,,0.006790015667590799,117.33333333333333,1,3,weak
downlink,bbr,windows,1,80,5GHz,rssi_dbm,throughput_mbps,-0.09526072128701231,0.11866366531589458,0.2804372359177227,117.0,3,3,weak
downlink,bbr,windows,5,0,5GHz,mcs,throughput_mbps,-0.192096708360069,0.08276399610205633,0.10591022024925083,107.33333333333333,3,3,weak
downlink,bbr,windows,5,0,5GHz,rssi_dbm,rtt_ms,,,,109.0,0,3,undefined
downlink,bbr,windows,5,0,5GHz,rssi_dbm,throughput_mbps,0.040565050175146576,0.19433842936589307,0.1025902541490533,107.33333333333333,3,3,weak
downlink,bbr,windows,5,50,5GHz,mcs,throughput_mbps,-0.011081374282927292,0.16016103230372453,0.27345265005289193,113.66666666666667,3,3,weak
downlink,bbr,windows,5,50,5GHz,rssi_dbm,rtt_ms,,,,115.0,0,3,undefined
downlink,bbr,windows,5,50,5GHz,rssi_dbm,throughput_mbps,0.10462048508762638,0.13400994070770336,0.24177251048629747,113.66666666666667,3,3,weak
downlink,bbr,windows,5,80,5GHz,mcs,throughput_mbps,-0.03132539002986628,0.22366381721851653,0.06723959662416318,113.33333333333333,3,3,weak
downlink,bbr,windows,5,80,5GHz,rssi_dbm,rtt_ms,,,,114.33333333333333,0,3,undefined
downlink,bbr,windows,5,80,5GHz,rssi_dbm,throughput_mbps,0.06758353714316533,0.15295549823864463,0.1764860284560553,113.33333333333333,3,3,weak
downlink,cubic,windows,1,0,5GHz,mcs,throughput_mbps,-0.05502151282822806,0.1759392243679263,0.11705363211668275,115.66666666666667,3,3,weak
downlink,cubic,windows,1,0,5GHz,rssi_dbm,rtt_ms,,,,118.0,0,3,undefined
downlink,cubic,windows,1,0,5GHz,rssi_dbm,throughput_mbps,0.006872770477681707,0.18833077224250352,0.2283651273349588,115.66666666666667,3,3,weak
downlink,cubic,windows,1,50,5GHz,mcs,throughput_mbps,-0.11322825006651643,,0.22416996329675645,116.66666666666667,1,3,weak
downlink,cubic,windows,1,50,5GHz,rssi_dbm,rtt_ms,0.08751099384129507,,0.3439583991344718,117.33333333333333,1,3,weak
downlink,cubic,windows,1,50,5GHz,rssi_dbm,throughput_mbps,-0.01662873931704578,0.11339142908543072,0.32690279939394645,116.66666666666667,3,3,weak
downlink,cubic,windows,1,80,5GHz,mcs,throughput_mbps,-0.1959212633555269,0.11857766721169354,0.11560481766245764,117.0,2,3,weak
downlink,cubic,windows,1,80,5GHz,rssi_dbm,rtt_ms,,,,118.0,0,3,undefined
downlink,cubic,windows,1,80,5GHz,rssi_dbm,throughput_mbps,-0.08914481604557185,0.07218972371228682,0.42701446755189215,117.0,3,3,weak
downlink,cubic,windows,5,0,5GHz,mcs,throughput_mbps,0.30670050160497114,0.39180282731430854,0.2651048193004969,111.66666666666667,3,3,weak
downlink,cubic,windows,5,0,5GHz,rssi_dbm,rtt_ms,0.1204615548102668,,0.20375718444463298,112.66666666666667,1,3,weak
downlink,cubic,windows,5,0,5GHz,rssi_dbm,throughput_mbps,0.11261972474439545,0.3830211310806431,0.17008076827692453,111.66666666666667,3,3,weak
downlink,cubic,windows,5,50,5GHz,mcs,throughput_mbps,0.16400598356030105,0.1664399247693952,0.36313902760165023,113.0,3,3,weak
downlink,cubic,windows,5,50,5GHz,rssi_dbm,rtt_ms,,,,116.66666666666667,0,3,undefined
downlink,cubic,windows,5,50,5GHz,rssi_dbm,throughput_mbps,-0.04519394450931254,0.07799240516397363,0.4966263398008975,113.0,3,3,weak
downlink,cubic,windows,5,80,5GHz,mcs,throughput_mbps,0.07103652812431595,0.20184612579137012,0.10760020599665347,110.66666666666667,3,3,weak
downlink,cubic,windows,5,80,5GHz,rssi_dbm,rtt_ms,0.14881424427889509,,0.11406040339744257,114.66666666666667,1,3,weak
downlink,cubic,windows,5,80,5GHz,rssi_dbm,throughput_mbps,0.04144056624934361,0.3141234241032219,0.20135599731192802,110.66666666666667,3,3,weak
uplink,bbr,linux,1,0,5GHz,mcs,throughput_mbps,0.21753355116357287,0.22415038338235554,0.2741636450669996,102.0,3,3,weak
uplink,bbr,linux,1,0,5GHz,rssi_dbm,rtt_ms,-0.013291267026374986,0.1762822902797414,0.1850914154205213,107.66666666666667,3,3,weak
uplink,bbr,linux,1,0,5GHz,rssi_dbm,throughput_mbps,0.31582672372288756,0.223623514647707,0.1849212302674145,102.0,3,3,weak
uplink,bbr,linux,1,50,5GHz,mcs,throughput_mbps,-0.07619665486117158,0.027918485680350155,0.4319887934451278,114.66666666666667,3,3,weak
uplink,bbr,linux,1,50,5GHz,rssi_dbm,rtt_ms,0.010712581387234682,0.0981231803316819,0.42627047488522196,114.66666666666667,3,3,weak
uplink,bbr,linux,1,50,5GHz,rssi_dbm,throughput_mbps,0.005532815805122097,0.10032185775018822,0.4175002902569494,114.66666666666667,3,3,weak
uplink,bbr,linux,1,80,5GHz,mcs,throughput_mbps,0.31976876327047815,0.32835531580921007,0.1792319665367344,114.0,2,2,weak
uplink,bbr,linux,1,80,5GHz,rssi_dbm,rtt_ms,0.21280475761950068,0.1108438404387797,0.07588038354311517,116.0,2,2,weak
uplink,bbr,linux,1,80,5GHz,rssi_dbm,throughput_mbps,-0.32146686758971066,0.060194546609409656,0.0012555341521807712,114.0,2,2,weak
uplink,bbr,linux,5,0,5GHz,mcs,throughput_mbps,0.17443931099461588,0.024689165433497855,0.09301775246212135,96.33333333333333,2,3,weak
uplink,bbr,linux,5,0,5GHz,rssi_dbm,rtt_ms,-0.03573655984220633,0.04065453859864423,0.744223793379514,99.33333333333333,3,3,weak
uplink,bbr,linux,5,0,5GHz,rssi_dbm,throughput_mbps,0.022846262497989017,0.18841239987432376,0.3536632011478265,96.33333333333333,3,3,weak
uplink,bbr,linux,5,50,5GHz,mcs,throughput_mbps,0.004701403014009984,0.0694956610004832,0.6107239433259399,110.66666666666667,2,3,weak
uplink,bbr,linux,5,50,5GHz,rssi_dbm,rtt_ms,0.00822838086538602,0.11760191568365239,0.39216859339217175,113.66666666666667,3,3,weak
uplink,bbr,linux,5,50,5GHz,rssi_dbm,throughput_mbps,0.09482701176099095,0.1750813877699155,0.43695067329468934,110.66666666666667,3,3,weak
uplink,bbr,linux,5,80,5GHz,mcs,throughput_mbps,0.1288438449872964,0.5063377418894588,0.008009849604987858,111.33333333333333,2,3,weak
uplink,bbr,linux,5,80,5GHz,rssi_dbm,rtt_ms,0.1488644376373931,0.08467787620401485,0.20683999799790442,114.0,3,3,weak
uplink,bbr,linux,5,80,5GHz,rssi_dbm,throughput_mbps,-0.03953039151976666,0.06883994741933722,0.623609674793615,111.33333333333333,3,3,weak
uplink,cubic,linux,1,0,5GHz,mcs,throughput_mbps,0.04097757452644935,0.06065505931405566,0.6645098806422762,106.66666666666667,3,3,weak
uplink,cubic,linux,1,0,5GHz,rssi_dbm,rtt_ms,0.006934568759340588,0.368751234391035,0.316172025656263,112.0,3,3,weak
uplink,cubic,linux,1,0,5GHz,rssi_dbm,throughput_mbps,-0.1000020043264928,0.06997142149622373,0.3786197653070382,106.66666666666667,3,3,weak
uplink,cubic,linux,1,50,5GHz,mcs,throughput_mbps,0.10407445861878269,0.10973943013422961,0.38182897787217024,111.0,3,3,weak
uplink,cubic,linux,1,50,5GHz,rssi_dbm,rtt_ms,0.02602694376538643,0.10500239315819232,0.45201879749511975,115.33333333333333,3,3,weak
uplink,cubic,linux,1,50,5GHz,rssi_dbm,throughput_mbps,-0.06826277070082747,0.1410496514189295,0.26153941106567496,111.0,3,3,weak
uplink,cubic,linux,1,80,5GHz,mcs,throughput_mbps,0.07580343860259821,0.19273346895436325,0.08365478770398789,112.33333333333333,3,3,weak
uplink,cubic,linux,1,80,5GHz,rssi_dbm,rtt_ms,-0.12124864344374375,0.055429803746710415,0.2481421537544114,115.0,3,3,weak
uplink,cubic,linux,1,80,5GHz,rssi_dbm,throughput_mbps,-0.05385182219277498,0.06811869104403392,0.6424952176618668,112.33333333333333,3,3,weak
uplink,cubic,linux,5,0,5GHz,mcs,throughput_mbps,0.08782062689321457,0.16941473048834307,0.2697338420970748,100.33333333333333,3,3,weak
uplink,cubic,linux,5,0,5GHz,rssi_dbm,rtt_ms,0.027273971224995492,0.23645565234546045,0.18445815062061097,107.0,3,3,weak
uplink,cubic,linux,5,0,5GHz,rssi_dbm,throughput_mbps,-0.042782926702162945,0.05740678214128182,0.700666016359969,100.33333333333333,3,3,weak
uplink,cubic,linux,5,50,5GHz,mcs,throughput_mbps,0.0667912450196478,0.21371517153212824,0.37721643289741574,109.33333333333333,3,3,weak
uplink,cubic,linux,5,50,5GHz,rssi_dbm,rtt_ms,0.040613009254437976,0.05029163189879345,0.7013090006571397,113.0,3,3,weak
uplink,cubic,linux,5,50,5GHz,rssi_dbm,throughput_mbps,0.13689996065537172,0.024140659056481,0.16400573441200203,109.33333333333333,3,3,weak
uplink,cubic,linux,5,80,5GHz,mcs,throughput_mbps,0.16104236778499292,0.15008161241994195,0.3258691602626763,108.66666666666667,3,3,weak
uplink,cubic,linux,5,80,5GHz,rssi_dbm,rtt_ms,-0.007718968818478157,0.23928925344544097,0.19876939953700426,111.0,3,3,weak
uplink,cubic,linux,5,80,5GHz,rssi_dbm,throughput_mbps,0.06299455594535194,0.07152539528266283,0.4691115695945795,108.66666666666667,3,3,weak
