direction,algorithm,cc_host,wifi_metric,transport_metric,rho_mean,rho_std,p_value_mean,n_mean
downlink,bbr,windows,mcs,throughput_mbps,0.007130105164378106,0.2193673348647585,0.12911065026183566,114.11111111111111
downlink,bbr,windows,rssi_dbm,rtt_ms,0.12885441012684404,0.16840229217400196,0.46137640736735624,115.05555555555556
downlink,bbr,windows,rssi_dbm,throughput_mbps,0.003034563704531393,0.13989131201780114,0.27799590879554387,114.11111111111111
downlink,cubic,windows,mcs,throughput_mbps,0.06367291497376733,0.258534948473351,0.2009381769112081,114.11111111111111
downlink,cubic,windows,rssi_dbm,rtt_ms,0.11892893097681899,0.030680349255100013,0.22059199565884913,116.22222222222223
downlink,cubic,windows,rssi_dbm,throughput_mbps,0.0016609269332484343,0.20060042148378981,0.30839091661175794,114.11111111111111
uplink,bbr,linux,mcs,throughput_mbps,0.11996552381714319,0.23667311076051986,0.2786017385282821,107.82352941176471
uplink,bbr,linux,rssi_dbm,rtt_ms,0.045996602017841115,0.12869436591938174,0.3538555054301313,110.58823529411765
uplink,bbr,linux,rssi_dbm,throughput_mbps,0.03268079597777927,0.22173148356280659,0.3560262516226968,107.82352941176471
uplink,cubic,linux,mcs,throughput_mbps,0.08941828524094758,0.13820479540187755,0.3504688469126002,108.05555555555556
uplink,cubic,linux,rssi_dbm,rtt_ms,-0.004686519876343572,0.18547142671133632,0.35014492128675817,112.22222222222223
uplink,cubic,linux,rssi_dbm,throughput_mbps,-0.010834167886922418,0.1087467191974087,0.43607295240018845,108.05555555555556
