metric,type,total_points,missing_before,outliers_removed,interpolated,remaining_missing,removed_percent,interpolated_percent,remaining_missing_percent
channel,discrete,8210,1,0,1,0,0.0,0.01218026796589525,0.0
cwnd,continuous,8210,146,35,29,152,0.42630937880633374,0.35322777101096225,1.851400730816078
expected_throughput,continuous,8210,8210,0,0,8210,0.0,0.0,100.0
frequency_mhz,discrete,8210,1,0,1,0,0.0,0.01218026796589525,0.0
lost,counter,8210,8098,0,0,8098,0.0,0.0,98.63580998781973
mcs,discrete,8210,1,0,1,0,0.0,0.01218026796589525,0.0
retrans,counter,8210,4632,0,0,4632,0.0,0.0,56.4190012180268
rssi_dbm,continuous,8210,1,110,103,8,1.3398294762484775,1.2545676004872106,0.097442143727162
rtt_ms,continuous,8210,146,85,71,160,1.0353227771010962,0.8647990255785627,1.9488428745432398
rttvar_ms,continuous,8210,146,82,71,157,0.9987819732034106,0.8647990255785627,1.912302070645554
rx_bitrate_mbps,continuous,8210,1,263,221,43,3.203410475030451,2.69183922046285,0.5237515225334957
signal_avg,continuous,8210,0,127,95,32,1.5468940316686968,1.1571254567600486,0.389768574908648
snr_db,continuous,8210,8210,0,0,8210,0.0,0.0,100.0
throughput_mbps,continuous,8210,324,91,175,240,1.1084043848964675,2.1315468940316684,2.92326431181486
total_retrans,counter,8210,4632,0,0,4632,0.0,0.0,56.4190012180268
tx_bitrate_mbps,continuous,8210,1,170,92,79,2.0706455542021924,1.1205846528623629,0.9622411693057248
tx_failed,counter,8210,0,0,0,0,0.0,0.0,0.0
tx_retries,counter,8210,0,0,0,0,0.0,0.0,0.0
